"","ave.syn","ave.nonsyn","ave.syn.se","ave.nonsyn.se","CpG.ave","CpG.ns.ave","CpG.ave.se","CpG.ns.ave.se","nonCpG.ave","nonCpG.ns.ave","nonCpG.ave.se","nonCpG.ns.ave.se"
"A",0.000114522727134328,0.00115078184766682,9.28599473741757e-05,0.000855848472769087,NA,NA,NA,NA,0.000114522727134328,0.00115078184766682,9.28599473741757e-05,9.28599473741757e-05
"T",0.000671351492413041,0.00393083405571076,0.000474255354312217,0.001235707338323,NA,NA,NA,NA,0.000671351492413041,0.00393083405571076,0.000474255354312217,0.000474255354312217
"C",0,0.00319051243753832,0,0.00303067559906931,0,0.00626371651757366,0,0,0,0.00058231281105136,0,0
"G",0.000415963787991598,0.00037885493857753,0.000403357522724068,0.000156369816801903,NA,NA,NA,NA,0.000415963787991598,0.00037885493857753,0.000403357522724068,0.000403357522724068
