"","ave.syn","ave.nonsyn","ave.syn.se","ave.nonsyn.se","CpG.ave","CpG.ns.ave","CpG.ave.se","CpG.ns.ave.se","nonCpG.ave","nonCpG.ns.ave","nonCpG.ave.se","nonCpG.ns.ave.se"
"A",0.000136159175650421,0.00245437802655994,0.000103768318803106,0.0017419624748497,0.000265752168953203,0.0205095000249886,0.000242422332927398,0.000242422332927398,9.75806184470871e-05,0.00131346669292617,8.57080152466827e-05,8.57080152466827e-05
"T",0.00701446133691321,0.0020652679472155,0.00687281663402208,0.00191081106131286,0.0291498507120151,0.000113246076467246,0.0287783112449579,0.0287783112449579,8.99222451852171e-05,0.00225054480819676,7.61896338131138e-05,7.61896338131138e-05
"C",0.000265956736312332,0.0050363070839137,0.000246235623708972,0.00405508565190632,1.87157268252512e-05,0.0020404856988186,NA,NA,0.000293427959588674,0.00542490301808746,0.000273205033890047,0.000273205033890047
"G",0.000205331719811578,0.00195440881841768,0.000202791556439865,0.00167775313885259,NA,0.00734224556877394,NA,NA,0.000205331719811578,0.0011893607669782,0.000202791556439865,0.000202791556439865
